;Timestamp;ML;IR;Stat;DB;Gender;Chocolate;Stand up;Rand;Bedtime;Good day (1);Good day (2);Stress level;Program;Day;Month;Year;Neighbours;Money
0;3/27/2019 10:16:11;yes;1;mu;ja;unknown;slim;no;6;23:00;sun;lecture;;AI;;;;3.0;100.0
1;4/1/2019 15:58:21;no;0;mu;ja;male;fat;no;7;3;DM;AI;1;AI;9.0;7.0;1992.0;1.0;0.0
2;4/1/2019 15:59:07;yes;1;unknown;ja;male;neither;unknown;0;0;0;0;100;CS;4.0;8.0;1995.0;0.0;0.0
3;4/1/2019 15:59:30;yes;1;mu;ja;male;fat;no;1,645;0,3;Winning;Food;0;ECONOMETRICS;29.0;9.0;1993.0;2.0;42.0
4;4/1/2019 15:59:58;no;1;mu;ja;male;neither;no;66;20;kiss;love;100;CS;4.0;4.0;212.0;2.0;10.0
5;4/1/2019 16:00:01;yes;1;mu;ja;male;unknown;yes;420;0000;Ganja;Sun;100;AI;31.0;12.0;1994.0;0.0;100.0
6;4/1/2019 16:00:12;yes;0;mu;nee;female;neither;no;739;22:00;chocolate;Sun;80;BIOINFORMATICS;9.0;10.0;1995.0;3.0;100.0
7;4/1/2019 16:00:16;yes;1;mu;ja;male;I have no idea what you are talking about;yes;5;24,3;Stay with my friends;Sun;50;BIOINFORMATICS;22.0;7.0;1996.0;0.0;10.0
8;4/1/2019 16:00:21;no;0;mu;ja;male;neither;no;31;03:30;Done something useful;Had fun;0;CLS;30.0;2.0;1945.0;0.0;0.0
9;4/1/2019 16:00:31;yes;1;mu;nee;male;neither;no;5;02:00;A sunny day;Relax walks;80;AI;22.0;4.0;;3.0;10.0
10;4/1/2019 16:00:52;yes;0;mu;nee;male;neither;no;3851;11;sun;sleep;150;BIOINFORMATICS;10.0;6.0;1991.0;470.0;20.0
11;4/1/2019 16:00:59;no;0;mu;nee;male;fat;no;6;3;Sun;food;20;CS;19.0;4.0;;3.0;0.25
12;4/1/2019 16:00:59;yes;1;mu;nee;male;I have no idea what you are talking about;no;7;0:40;Good sleep;Good breakfast;10;MASTER AI;18.0;3.0;1994.0;3.0;100000000.0
13;4/1/2019 16:01:02;yes;1;mu;ja;male;fat;no;16;2330;Girls;Alcohol;16;BA;2.0;8.0;1996.0;1.0;100.0
14;4/1/2019 16:01:03;yes;1;mu;ja;male;fat;no;314.152;00:00;sun;food;50;BA;1.0;5.0;;2.0;95.0
15;4/1/2019 16:01:04;yes;0;mu;nee;male;neither;no;11;2:00;Work;Good sleep;10;ECONOMETRICS;4.0;4.0;1996.0;11.0;50.0
16;4/1/2019 16:01:04;no;0;mu;nee;male;fat;no;5;5 am;If i went to the gym;Healthy food;0;ECONOMETRICS;3.0;3.0;1994.0;6.0;30.0
17;4/1/2019 16:01:06;yes;1;mu;ja;male;fat;no;17;22;Sun;Football;17;BA;17.0;5.0;1994.0;7.0;30.0
18;4/1/2019 16:01:09;yes;1;mu;ja;male;fat;yes;7;24:00;Sunshine;Good meals;40;BIOINFORMATICS;;;;3.0;50.0
19;4/1/2019 16:01:13;yes;0;mu;ja;female;neither;no;7;23:00;Sun;Good food;20;BA;27.0;12.0;1996.0;1.0;100.0
20;4/1/2019 16:01:13;yes;0;mu;ja;female;fat;no;2;21;Horses;Chocolate;12;BIOINFORMATICS;18.0;10.0;1996.0;2.0;100.0
21;4/1/2019 16:01:13;no;1;mu;nee;female;slim;no;6;01:03;Sun;Nice food;2;AI;21.0;8.0;1995.0;3.0;100.0
22;4/1/2019 16:01:13;no;0;mu;ja;male;fat;no;888;18:00;good news;very good news;63;AI;10.0;6.0;;4.0;0.0
23;4/1/2019 16:01:14;yes;1;mu;ja;female;fat;no;2;00:00;Sunshine;Nice food;0;AI;9.0;8.0;1996.0;1.0;10.0
24;4/1/2019 16:01:15;yes;1;mu;ja;male;neither;no;0251656723;2:30 am;Sun;Relaxing;0;AI;24.0;2.0;1994.0;1.0;100.0
25;4/1/2019 16:01:16;yes;0;mu;nee;male;neither;no;17572857155648217566617584166;01:00;Sea;Weather;98;BIOINFORMATICS;4.0;6.0;;0.0;0.01
26;4/1/2019 16:01:16;yes;0;mu;ja;female;slim;no;6;1 AM;Sunshine;Holiday;20;AI;1.0;1.0;1993.0;5.0;5.0
27;4/1/2019 16:01:17;no;0;mu;nee;female;neither;no;9;23:30;Sunshine;Vacation;10;CS;29.0;3.0;;1.0;0.25
28;4/1/2019 16:01:17;yes;1;mu;ja;female;slim;no;579659987878648768;22:30;Tony chocolonely toffee pretzel donkere melk of peanutbutter Ben and Jerry's ;Cuddling with dogs ;3;BIOINFORMATICS;6.0;11.0;1996.0;2.0;100.0
29;4/1/2019 16:01:17;yes;0;mu;nee;male;I have no idea what you are talking about;no;9;22:00;Sun;Summer;5;BA;11.0;8.0;;2.0;50.0
30;4/1/2019 16:01:18;yes;0;sigma;nee;unknown;neither;no;8;23;Being around friends;Figuring something out;99;MASTERS COMPUATIONAL SCIENCE;15.0;10.0;1990.0;4.0;0.0
31;4/1/2019 16:01:18;yes;1;mu;ja;male;fat;no;2;00:45;Friends;Good Food;22;MA DATA SCIENCE (UVA);3.0;11.0;1991.0;5.0;3.5
32;4/1/2019 16:01:24;yes;0;mu;nee;unknown;neither;no;6546498975632.3202156845312.0124653120;1.30 pm ;weed;lovely people ;0;BIOINFORMATICS;15.0;7.0;1995.0;1.0;10.0
33;4/1/2019 16:01:25;no;0;mu;nee;male;I have no idea what you are talking about;no;9;12;Going for a run;Having sex;40;QUANTITATIVE RISK MANAGEMENT ;4.0;4.0;1988.0;10.0;60.0
34;4/1/2019 16:01:25;yes;1;mu;ja;male;fat;no;9;1:00;Food;Sex;80;QRM;25.0;5.0;1995.0;2.0;1.0
35;4/1/2019 16:01:25;no;0;mu;nee;male;I have no idea what you are talking about;no;5;2;Food;People;60;CS;5.0;12.0;;6.0;5.0
36;4/1/2019 16:01:27;yes;0;mu;nee;female;I have no idea what you are talking about;no;12;01:00;Sun;Food;-10;BIOSB;12.0;12.0;1995.0;2.0;20.0
37;4/1/2019 16:01:28;no;0;mu;nee;male;I have no idea what you are talking about;no;7;01:00;Nice weather;No stress;0;ECONOMETRICS;2.0;5.0;;469.0;100.0
38;4/1/2019 16:01:29;yes;1;mu;ja;female;fat;no;8;21:00;No lectures and work;Food;20;BA;3.0;1.0;;10.0;10.0
39;4/1/2019 16:01:29;no;0;mu;nee;female;slim;no;5;2:00;sunshine;friends;110;AI;13.0;7.0;1995.0;1.0;10.0
40;4/1/2019 16:01:29;no;1;mu;ja;female;fat;no;5,83;01:30;Good conversation;Being with friends ;60;CLS;3.0;12.0;;4.0;0.0
41;4/1/2019 16:01:29;yes;0;mu;ja;male;fat;no;7;1;laughing;smiling;15;BIOINFORMATICS;7.0;4.0;1995.0;5.0;0.21
42;4/1/2019 16:01:29;yes;1;mu;ja;male;neither;no;1;23:30;Gym;Enough sleep;30;BA;23.0;2.0;1997.0;4.0;15.0
43;4/1/2019 16:01:29;yes;1;mu;ja;female;neither;no;46743222;21;sunshine;sports;25;AI;30.0;3.0;1995.0;8.0;60.0
44;4/1/2019 16:01:29;no;0;mu;nee;male;I have no idea what you are talking about;no;3;22:30;Food;Sunshine;33;CS;9.0;3.0;1994.0;4.0;0.2
45;4/1/2019 16:01:29;yes;1;mu;nee;male;neither;no;6483920484627;3:00;Vim;Emacs;10;CS;27.0;4.0;1994.0;4.0;100.0
46;4/1/2019 16:01:30;yes;0;mu;nee;male;neither;no;4;01:00;A lot of sleep;Coffee;Over 9000;BIOINFORMATICS;11.0;5.0;1996.0;0.0;1.0
47;4/1/2019 16:01:31;yes;0;mu;nee;male;neither;no;3,14;23:00;Enough sleep;Sunshine;50;UVA MSC INFORMATION STUDIES: DATA SCIENCE;13.0;9.0;1995.0;6.0;85.0
48;4/1/2019 16:01:31;no;0;sigma;nee;male;neither;no;3;11;Sport;Food;15;CS;23.0;1.0;1994.0;3.0;3.0
49;4/1/2019 16:01:31;yes;1;mu;ja;male;unknown;no;777777777;1:00;Food;Sex;-50;MSCS;;;;3.0;0.21
50;4/1/2019 16:01:31;yes;1;mu;ja;male;neither;no;5587458772588865;I didnt;Sun;Food;Ten;M AI;;;;3.0;100.0
51;4/1/2019 16:01:33;yes;1;mu;ja;male;neither;no;8,5;02:40;The weather;Amount of work needed to be done;0;AI;19.0;12.0;1995.0;1.0;15.0
52;4/1/2019 16:01:33;yes;1;sigma;ja;female;neither;no;7;1 am;Travel;Party;20;CS;4.0;12.0;1993.0;7.0;90.0
53;4/1/2019 16:01:33;yes;0;mu;ja;female;fat;no;1212;12:30;Friends & family;Sports;30;AI;12.0;12.0;1995.0;6.0;5.0
54;4/1/2019 16:01:34;no;0;mu;nee;male;I have no idea what you are talking about;no;27;01:00;Weather;Good food;99,9;ECONOMETRICS;23.0;8.0;1992.0;3921.0;91.0
55;4/1/2019 16:01:34;no;0;mu;nee;male;fat;unknown;4. 83636354;2,03;Good food;Warm weather;30;EOR;4.0;4.0;1996.0;0.0;2.0
56;4/1/2019 16:01:34;no;0;mu;nee;male;fat;no;9;23:00;Sun;Food;69;MASTER DIGITAL BUSINESS AND INNOVATION;22.0;7.0;1995.0;2.0;33.33
57;4/1/2019 16:01:34;yes;0;mu;ja;male;neither;no;69;23:30;Sun;Good food;10;CS;11.0;2.0;1996.0;2.0;100.0
58;4/1/2019 16:01:34;yes;0;mu;ja;male;I have no idea what you are talking about;no;7;24;A nice meal;Sleep late;0;BA;26.0;5.0;1997.0;7.0;100.0
59;4/1/2019 16:01:35;yes;0;sigma;nee;male;I have no idea what you are talking about;no;6;23:30;Activities;People;20;AI;2.0;12.0;1992.0;1.0;0.4
60;4/1/2019 16:01:35;yes;1;mu;ja;male;fat;no;3,14159265359;4:25AM;Surprise money;Surprise presents;99;CS;14.0;4.0;;4.0;50.0
61;4/1/2019 16:01:35;yes;1;mu;ja;male;I have no idea what you are talking about;no;7;1;No hangover;Sleep;15;AI;13.0;5.0;;2.0;0.21
62;4/1/2019 16:01:36;yes;0;mu;nee;female;fat;no;8;23:00;Working out;Meeting with friends;10;MEDICAL INFORMATICS;18.0;11.0;1995.0;2.0;10.0
63;4/1/2019 16:01:36;unknown;0;mu;nee;female;slim;no;3;2:30;Sun;Vacation;100;BA;27.0;6.0;1991.0;1.0;100.0
64;4/1/2019 16:01:36;no;0;mu;ja;female;I have no idea what you are talking about;no;7;23:30;playing volleyball;sleeping and playing more volleyball;20;BIOINFORMATICS;25.0;2.0;1993.0;5.0;20.0
65;4/1/2019 16:01:36;yes;1;mu;ja;male;fat;no;7;3:00;Good weather;Meeting my friends;7;AI;30.0;1.0;1996.0;1.0;10.0
66;4/1/2019 16:01:36;yes;1;mu;ja;male;unknown;no;1;23:30;No lectures;Waking up early;0;CS;5.0;2.0;1986.0;3.0;50.0
67;4/1/2019 16:01:36;yes;1;mu;ja;male;neither;no;96;110305pm;Beer;Sunshine;10;AI;3.0;10.0;1996.0;2.0;20.0
68;4/1/2019 16:01:37;yes;0;mu;ja;female;fat;no;2;22:30;Sun;Chocolate;75;BA;31.0;10.0;1996.0;8.0;80.0
69;4/1/2019 16:01:37;yes;0;mu;ja;male;neither;no;2;22,3;Beer;Sun;20;OPERATION RESEARCH;10.0;5.0;1996.0;7.0;0.0
70;4/1/2019 16:01:37;yes;0;mu;ja;unknown;I have no idea what you are talking about;no;8;3;Chocolate;Learning;37;MS;4.0;4.0;109.0;5.0;0.21
71;4/1/2019 16:01:38;yes;0;sigma;ja;male;fat;no;8;01:00;Cold beer in the sun;Sex;10;BIOINFORMATICS;18.0;7.0;1995.0;2.0;101.0
72;4/1/2019 16:01:38;no;0;mu;ja;female;fat;no;7;00;Sun;Friends;30;DBI DIGITAL BUSINESS AND INNOVATION;14.0;3.0;;2.0;80.0
73;4/1/2019 16:01:38;yes;1;mu;ja;male;neither;no;Pi;22:30;Music;Sunshine;99;BA;15.0;2.0;1994.0;1.0;99.0
74;4/1/2019 16:01:39;yes;1;mu;ja;male;neither;no;341;23h00;Gym;Free beer;40;AI;19.0;1.0;1996.0;5.0;0.0
75;4/1/2019 16:01:39;yes;0;mu;ja;female;slim;no;8;9;Chocolate;No lecture;200;CS;8.0;2.0;1997.0;400.0;50.0
76;4/1/2019 16:01:39;yes;1;mu;nee;male;neither;no;3;23:34;Sunshine;Sleeping in;0;AI;26.0;10.0;;5.0;80.0
77;4/1/2019 16:01:39;yes;1;mu;ja;female;I have no idea what you are talking about;no;7;00:00;Sun;Friends;60;AI;1.0;4.0;1997.0;3.0;10.0
78;4/1/2019 16:01:39;yes;1;mu;nee;female;unknown;no;1;23:00;Sunshine;Big breakfast;0;AI;14.0;11.0;1995.0;0.0;10.0
79;4/1/2019 16:01:40;no;0;mu;ja;female;neither;no;7;23;sun;good food ;30;AI;17.0;10.0;1996.0;5.0;200.0
80;4/1/2019 16:01:40;yes;0;mu;nee;female;neither;no;7;02:00;no stress;nice food;10;EXCHANGE STUDENT (SOCIOLOGY);5.0;9.0;1993.0;2.0;10.0
81;4/1/2019 16:01:40;yes;1;mu;nee;male;neither;no;7;12;Friends;Food;5;AI;22.0;3.0;1994.0;1.0;99.0
82;4/1/2019 16:01:40;no;0;mu;ja;male;slim;unknown;3,14;2359;Good food;Weekend;110;ECONOMETRICS;6.0;12.0;1993.0;2.0;90.0
83;4/1/2019 16:01:40;no;0;mu;nee;male;neither;no;3;02:00;Good weather ;Alcohol;68;FINANCE;4.0;12.0;1995.0;2.0;1.0
84;4/1/2019 16:01:40;yes;1;mu;ja;male;neither;no;7;3:30;Mood;Succes;60;AI;4.0;6.0;1997.0;3.0;5.0
85;4/1/2019 16:01:40;no;0;mu;nee;female;slim;no;3,5282625;23:45;Sunshine;Getting work done;Low;CS;13.0;8.0;1996.0;3.0;10.0
86;4/1/2019 16:01:40;yes;1;mu;ja;male;neither;yes;7;23:00;The sun;Don't have stress;10;AI;21.0;5.0;1995.0;2.0;25.0
87;4/1/2019 16:01:40;yes;1;mu;ja;female;I have no idea what you are talking about;no;3,14;01:30;Sunshine;Friends;15;BA;7.0;6.0;1994.0;5.0;0.25
88;4/1/2019 16:01:39;no;0;mu;nee;male;fat;no;7;1;sunny;no exams;50;MSC QRM (DHP);15.0;4.0;;2.0;0.0
89;4/1/2019 16:01:40;no;0;mu;ja;male;I have no idea what you are talking about;no;7;13;No deadlines;No stress;99;BIOINFORMATICS;26.0;6.0;;10.0;50.0
90;4/1/2019 16:01:40;yes;0;mu;ja;male;neither;no;2;23:00;Beer;Sex;80;BIOINFORMATICS;3.0;11.0;1992.0;1.0;100.0
91;4/1/2019 16:01:41;yes;0;mu;ja;female;neither;no;5;00:57;Sun;Food;75;BA;27.0;11.0;1996.0;7.0;1.0
92;4/1/2019 16:01:41;yes;1;mu;ja;female;neither;no;5;00:30;Sunshine;Coffee;55;AI;25.0;11.0;1994.0;5.0;100.0
93;4/1/2019 16:01:41;no;0;mu;nee;male;fat;no;5;12;Sunny;Passing the data mining course;0;FINANCE;27.0;1.0;1993.0;1.0;0.25
94;4/1/2019 16:01:41;yes;1;mu;ja;male;I have no idea what you are talking about;no;9;23:55;Pizza;Lot of time in bed;53;BA;10.0;9.0;1995.0;1.0;2.5
95;4/1/2019 16:01:41;yes;0;mu;nee;male;neither;no;7;12;Sun;Free;0;BA;15.0;4.0;1995.0;2.0;7.0
96;4/1/2019 16:01:41;yes;0;mu;ja;male;fat;no;6;23:30;No deadline;Party;4;BA;12.0;8.0;1996.0;2.0;5.0
97;4/1/2019 16:01:41;yes;0;mu;nee;male;fat;no;4;0:00;Chocolate ;Mathematics ;42;BA;8.0;10.0;;0.0;0.21
98;4/1/2019 16:01:41;no;0;mu;nee;male;fat;no;9;23:30;Weekend;Fun;10;ECONOMETRICS;4.0;3.0;1995.0;2.0;100.0
99;4/1/2019 16:01:41;yes;0;mu;ja;male;fat;unknown;25;12;Sex;Beer;100;BA;20.0;9.0;1995.0;3.0;50.0
100;4/1/2019 16:01:42;yes;1;mu;ja;female;neither;no;4;21:30;When Iâ€™m productive;When I feel good;20;AI;14.0;1.0;1992.0;8.0;0.0
101;4/1/2019 16:01:42;yes;0;mu;nee;male;neither;no;4;23:30;Fruitful day ;Good weather;13;ECONOMETRICS;13.0;10.0;;2.0;70.0
102;4/1/2019 16:01:42;yes;0;mu;ja;female;I have no idea what you are talking about;no;8;23:00;Sun;Sport;0;BA;21.0;10.0;1996.0;2.0;100.0
103;4/1/2019 16:01:42;no;0;mu;nee;female;fat;no;9;23:30;sun;alcohol;88;MASTER DIGITAL BUSINESS AND INNOVATION;25.0;8.0;1993.0;1.0;33.33
104;4/1/2019 16:01:42;no;0;mu;nee;female;slim;no;3;0;sunshine;good food;70;AI;31.0;1.0;1995.0;6.0;10.0
105;4/1/2019 16:01:42;yes;1;mu;ja;male;slim;no;5;23,45;sunshine;money;1;DIGITAL BUSINESS & INNOVATION;1.0;5.0;1996.0;7.0;2.0
106;4/1/2019 16:01:43;yes;0;mu;ja;male;I have no idea what you are talking about;no;7;24:00;Pizza;Sleep late;25;BA;9.0;7.0;;2.0;100.0
107;4/1/2019 16:01:43;no;0;mu;nee;male;fat;no;9;23:00;Good food;Sex;70;AI;24.0;4.0;;6.0;0.0
108;4/1/2019 16:01:43;no;0;mu;nee;female;neither;no;9;22:22;Love;Adventure;45;AI;15.0;9.0;1994.0;24.0;100.0
109;4/1/2019 16:01:43;yes;0;mu;nee;female;slim;no;8;01:00;Sunshine;Friends;50;AI;28.0;4.0;1997.0;6.0;1.0
110;4/1/2019 16:01:43;yes;1;mu;ja;male;fat;unknown;10;23:00;Finishing all the tasks;Sun ;30;AI;30.0;7.0;1997.0;1.0;2.0
111;4/1/2019 16:01:43;no;unknown;mu;ja;male;neither;no;10;01:30;Sunshine;No work;1;CS;10.0;6.0;1989.0;5.0;1.0
112;4/1/2019 16:01:43;yes;1;mu;ja;male;fat;no;7;01:00;Learning something;Finishing work;0;CLS;4.0;4.0;1995.0;7.0;100.0
113;4/1/2019 16:01:43;yes;0;mu;nee;male;neither;no;67;0:14;Good sleep;Nice people around;60;AI;15.0;9.0;1992.0;300.0;1.0
114;4/1/2019 16:01:44;no;1;mu;ja;female;fat;yes;1,25;1am;Sunshine;Coffee;10;CS;24.0;5.0;1996.0;3.0;10.0
115;4/1/2019 16:01:44;yes;1;mu;ja;female;fat;no;7;23,45;Sun;Friends;9;BA;4.0;10.0;1995.0;2.0;1.0
116;4/1/2019 16:01:45;yes;1;mu;ja;male;neither;no;2104;10:30:21 PM;Birthday;Trains on time;0;AI;7.0;8.0;1993.0;8.0;100.0
117;4/1/2019 16:01:45;no;1;sigma;nee;male;neither;no;6;3 am;Food;Weed;10;CS;1.0;4.0;;6.0;50.0
118;4/1/2019 16:01:45;yes;1;mu;ja;male;I have no idea what you are talking about;no;8;12;Sun;Beer;0;AI;24.0;9.0;;2.0;1.0
119;4/1/2019 16:01:45;yes;1;mu;nee;female;I have no idea what you are talking about;no;4;23,45;Sun;Spare time;50;AI;2.0;3.0;;5.0;5.0
120;4/1/2019 16:01:45;no;0;mu;nee;male;fat;no;7;01:00;nice food;sport;0;QUANTITATIVE RISK MANAGEMENT;16.0;1.0;1997.0;2.0;0.0
121;4/1/2019 16:01:45;yes;1;sigma;ja;female;I have no idea what you are talking about;no;8;2:00am;sun;good vibes;60;BIOINFORMATICS;11.0;6.0;1991.0;5.0;70.0
122;4/1/2019 16:01:45;no;0;mu;nee;female;I have no idea what you are talking about;no;6,78;22:12;Mind-blowing sex;Sunshine;10;MASTER HEALTH SCIENCES;4.0;10.0;1994.0;4.0;3.0
123;4/1/2019 16:01:45;no;0;mu;nee;female;neither;no;1;00:30;good food;productive;50;AI;4.0;4.0;1995.0;2.0;10.0
124;4/1/2019 16:01:45;yes;1;mu;ja;male;fat;no;3;23:30;Going to the VU;Drinking beer ;0;BA;6.0;3.0;1995.0;1.0;85.0
125;4/1/2019 16:01:45;no;0;mu;nee;male;neither;no;8;03:00;Sun;Euros;0;DIGITAL BUSINESS & INNOVATION;17.0;7.0;1995.0;2.0;50.0
126;4/1/2019 16:01:46;yes;1;mu;nee;male;I have no idea what you are talking about;no;8;6;Food;Beer;10;CS;1.0;10.0;1996.0;3.0;100.0
127;4/1/2019 16:01:46;yes;1;mu;nee;male;neither;yes;7;01:30;No deadlines ;Good weather ;0;CS;4.0;12.0;1991.0;5.0;35.0
128;4/1/2019 16:01:46;no;1;mu;nee;female;I have no idea what you are talking about;no;3;00:30;Fnatic winning games in LEC;Sunny weather and some cider;10;AI;19.0;12.0;1993.0;2.0;0.2
129;4/1/2019 16:01:46;no;0;mu;nee;male;I have no idea what you are talking about;unknown;3,14159;12;Eating yoghurt;Doing hobbies;57;CS;16.0;12.0;;3.0;1.0
130;4/1/2019 16:01:46;yes;1;mu;ja;male;neither;no;2;didn't sleep;Relaxing;Eating good food;0;CS;24.0;9.0;1996.0;2.0;47100.0
131;4/1/2019 16:01:46;yes;0;mu;nee;male;I have no idea what you are talking about;no;1;0:30;Enough sleep;Enough fysical excercise;40;BA;2.0;5.0;1975.0;6.0;50.0
132;4/1/2019 16:01:46;yes;0;mu;nee;male;fat;no;1;22:00;Being productive;Being social;0;ECONOMETRICS;;;1904.0;8.0;99.0
133;4/1/2019 16:01:47;yes;0;unknown;nee;unknown;neither;unknown;666;1:00;Serotonin;My frens;20;BIOINFORMATICS;9.0;9.0;1996.0;5.0;25.0
134;4/1/2019 16:01:47;yes;0;mu;nee;male;slim;no;googol;11;Good Food;Good times with friends;0,02;BIOINFORMATICS;;;;10;5.0
135;4/1/2019 16:01:47;no;1;mu;nee;male;fat;no;5;22:00;Enough sleep;Worker out;60;BA;17.0;5.0;1993.0;6.0;27.0
136;4/1/2019 16:01:47;no;0;mu;nee;female;fat;no;9;00:00;Meeting a good friend ;Sports;30;AI;14.0;9.0;1996.0;8.0;100.0
137;4/1/2019 16:01:47;no;0;mu;nee;female;slim;no;5;23:00;Laughing;Food;80;ECONOMETRICS;22.0;3.0;1996.0;400.0;15.0
138;4/1/2019 16:01:48;yes;1;sigma;ja;male;I have no idea what you are talking about;no;0;05:10;Sunshine;Slumberparties;1;CS;4.0;4.0;1994.0;9.0;100.0
139;4/1/2019 16:01:48;yes;0;mu;ja;unknown;I have no idea what you are talking about;no;7;1am;Sun;Friends;2;DS;27.0;9.0;1994.0;470.0;5.0
140;4/1/2019 16:01:48;yes;1;mu;ja;male;fat;no;4,57;0:00;Good food;Hot shower;99;AI;5.0;5.0;1993.0;1.0;5.0
141;4/1/2019 16:01:48;yes;1;mu;nee;male;fat;no;3;01:05;A dopamine rush;Sun shining;68;AI;7.0;10.0;1994.0;5.0;3.0
142;4/1/2019 16:01:48;yes;0;mu;ja;female;neither;no;8;22,3;Sunshine;Friends ;10;BA;14.0;7.0;1995.0;8.0;80.0
143;4/1/2019 16:01:48;yes;1;mu;nee;male;I have no idea what you are talking about;no;2;23:00;Kindness;Food;5;AI;4.0;4.0;1991.0;400.0;0.21
144;4/1/2019 16:01:48;no;0;mu;nee;male;neither;no;7;1.40 AM;Enough time in the morning;Slow day;0;MASTER OF FINANCE;17.0;3.0;1994.0;3.0;0.25
145;4/1/2019 16:01:48;no;1;mu;ja;female;neither;no;7;1:30;When I see dogs and can pet them;When I get to spend the day with my boyfriend;15;AI;30.0;10.0;1994.0;1.0;100.0
146;4/1/2019 16:01:49;yes;0;mu;nee;female;fat;no;6;2;Nice weather ;Lovely people around you ;6;BOINFORMATICS;4.0;4.0;406.0;1.0;6.0
147;4/1/2019 16:01:49;no;0;mu;nee;female;neither;no;6;1:15;Friends;Weather;10;CS;14.0;7.0;;4.0;1.0
148;4/1/2019 16:01:49;yes;0;mu;ja;male;neither;no;8;2;No deadlines to work on ;Sunny weather ;20;AI;4.0;8.0;1993.0;1.0;12.0
149;4/1/2019 16:01:49;no;1;unknown;nee;male;fat;no;6;22:40;Sun cream;Sailboat;40;CS;20.0;12.0;;400.0;0.2
150;4/1/2019 16:01:49;yes;1;sigma;ja;female;neither;no;9;11.30 p.m;Productive ;Chocolate ;0;AI;30.0;4.0;1993.0;5.0;100.0
151;4/1/2019 16:01:49;yes;0;mu;nee;female;slim;no;8;01:30;Beach;Sun;10;BA;7.0;2.0;1995.0;2.0;1000.0
152;4/1/2019 16:01:50;no;0;mu;ja;male;fat;no;7;11:30 pm;Sunny day;Fun;70;QRM;27.0;8.0;1996.0;1.0;90.0
153;4/1/2019 16:01:50;yes;1;mu;unknown;male;I have no idea what you are talking about;yes;1;1:30;Fun ;Daan;2;AI;18.0;6.0;;20.0;10.0
154;4/1/2019 16:01:50;yes;0;mu;ja;male;slim;no;1;2:00;No lectures;Pizza;10;BA;9.0;11.0;2001.0;471.0;5.0
155;4/1/2019 16:01:50;yes;0;mu;ja;male;I have no idea what you are talking about;no;3,141;1:00;weed, beer;no weed, no beer, no sun;5;CS;11.0;8.0;1994.0;6.0;10.0
156;4/1/2019 16:01:50;no;1;mu;nee;female;neither;no;5;23:50;succeeding in life;being well rested;60;AI;2.0;9.0;1995.0;2.0;1.0
157;4/1/2019 16:01:51;no;0;mu;nee;male;I have no idea what you are talking about;no;2;1;Completing my Thesis;Passing this course;5;ECONOMETRICS;9.0;10.0;1993.0;7.0;7.0
158;4/1/2019 16:01:51;yes;0;mu;ja;male;I have no idea what you are talking about;no;6;3:00;Blue sunny sky;Gangbangparty;100;CS;16.0;2.0;1989.0;10.0;1000.0
159;4/1/2019 16:01:51;yes;0;mu;ja;male;I have no idea what you are talking about;yes;9;03:00;Success;Love;80;AI;4.0;4.0;1995.0;2.0;100.0
160;4/1/2019 16:01:51;no;0;mu;nee;male;fat;no;1;0:00;Having time to chill;Still being productive;50;DUISENBERG QRM;2.0;9.0;1994.0;8.0;0.0
161;4/1/2019 16:01:51;no;0;mu;nee;female;unknown;no;6;00:30;everything;everything;100;CS;11.0;3.0;1996.0;1.0;16.0
162;4/1/2019 16:01:52;no;0;mu;ja;male;neither;no;9;1:27;Winning a tennis match;Being with friends;30;BIOINFORMATICS;;;1995.0;4.0;5.0
163;4/1/2019 16:01:51;yes;1;mu;nee;male;neither;no;8;0:15;Productive;Gezellig;50;AI;12.0;3.0;1997.0;8.0;5.0
164;4/1/2019 16:01:52;unknown;unknown;unknown;unknown;unknown;unknown;unknown;x;x;x;x;x;X;;;;3.0;10.0
165;4/1/2019 16:01:52;no;0;mu;nee;female;I have no idea what you are talking about;no;5;2 am;Llamas;Pungent paws;78;AI;6.0;3.0;;469.0;0.21
166;4/1/2019 16:01:53;no;0;unknown;ja;female;fat;yes;84;2300;Enough sleep the night before;A sunny day;50;BIOINFORMATICS;5.0;1.0;1996.0;250.0;10.0
167;4/1/2019 16:01:53;yes;1;mu;nee;unknown;neither;no;9;10;food;drinks;50;BIOSB;8.0;7.0;1985.0;4.0;30.0
168;4/1/2019 16:01:53;yes;1;mu;nee;male;I have no idea what you are talking about;no;2;00:30;Nice weather;Good food;80;AI;4.0;4.0;1995.0;5.0;100.0
169;4/1/2019 16:01:53;no;0;mu;nee;male;I have no idea what you are talking about;no;7;00:30;Good weather;Being drunk;10;CS;11.0;11.0;1995.0;8.0;99.0
170;4/1/2019 16:01:53;yes;0;unknown;ja;male;I have no idea what you are talking about;no;8;0,3;Weed;Sex;75;BIOINFORMATICS;19.0;12.0;1992.0;20.0;90.0
171;4/1/2019 16:01:53;no;0;sigma;nee;male;fat;no;2;11:18;Small things that go right ;Happy people;80;MASTER MANAGEMENT, POLICY ANALYSIS AND ENTREPENEURSHIP IN HEALTH AND LIFE SCIENCES;10.0;8.0;1996.0;0.0;30.0
172;4/1/2019 16:01:56;no;0;mu;nee;male;fat;yes;22/7;2pm;Being at the VU;Living at the VU;50;CS;13.0;7.0;1995.0;8.0;100.0
173;4/1/2019 16:01:54;yes;0;mu;nee;male;I have no idea what you are talking about;yes;7;0800;Gf;Weed;60;AI;22.0;9.0;1993.0;22.0;100.0
174;4/1/2019 16:01:55;no;0;mu;nee;male;I have no idea what you are talking about;no;7;12;food;dog;70;CS;2.0;4.0;;4.0;10.0
175;4/1/2019 16:01:55;yes;1;mu;ja;male;fat;no;8;23:00;Sex;No school;75;BA;15.0;10.0;1993.0;1.0;50.0
176;4/1/2019 16:01:55;no;0;mu;nee;male;neither;no;12;22:30;Slept well;Ate well;0;DHPQRM;22.0;11.0;1993.0;5.0;0.21
177;4/1/2019 16:01:55;yes;0;sigma;ja;male;I have no idea what you are talking about;no;4;23:00;Sun light;Warm weather;42;CS;4.0;12.0;;2.0;7.0
178;4/1/2019 16:01:55;yes;1;mu;ja;male;I have no idea what you are talking about;no;7;24:00;Nice food;Data mining lectures;5;AI;23.0;1.0;1996.0;6.0;40.0
179;4/1/2019 16:01:55;yes;0;mu;nee;female;fat;no;7;22;good night of sleep;working out;50;BIOINFORMATICS;30.0;7.0;1992.0;8.0;1.0
180;4/1/2019 16:01:55;yes;0;mu;nee;male;fat;no;2;23;Coffee;Sun;25;BIOINFORMATICS;10.0;4.0;;9.0;5.0
181;4/1/2019 16:01:56;no;0;unknown;nee;unknown;fat;unknown;7;00:15;Sunny ;Free of work;75;QRM;2.0;9.0;1993.0;4.0;100.0
182;4/1/2019 16:01:56;yes;1;mu;nee;female;fat;no;9;22:30;Nice weather ;friends ;5;AI;7.0;10.0;1993.0;2.0;0.25
183;4/1/2019 16:01:56;no;1;mu;ja;male;I have no idea what you are talking about;no;6;12;Sun;-;42;INFORMATION SCIENCES ;4.0;3.0;;1.0;42.0
184;4/1/2019 16:01:56;no;0;mu;ja;male;fat;no;1;23;Sun ;Day drinking ;15;CS;13.0;1.0;1994.0;5.0;10.0
185;4/1/2019 16:01:57;no;0;mu;nee;female;slim;no;4;23:30;Coffee;Sunshine;80;ECONOMETRICS;15.0;6.0;1996.0;2.0;10.0
186;4/1/2019 16:01:57;no;0;mu;nee;female;neither;no;8;1:30;chilling;sun;70;AI;23.0;3.0;1994.0;5.0;2.0
187;4/1/2019 16:01:57;yes;1;mu;ja;male;fat;no;2;23:30;Music;Books;26;BIOINFORMATICS;28.0;12.0;1993.0;5.0;10.0
188;4/1/2019 16:01:57;yes;0;mu;ja;male;neither;no;42;01:30;Sex;Eating out;65;CS (EXCHANGE);1.0;9.0;1995.0;3.0;0.25
189;4/1/2019 16:01:57;no;0;sigma;ja;male;neither;no;3;0300;Waking up energized;Fun things planned;9001;AI;16.0;2.0;1990.0;5.0;0.1
190;4/1/2019 16:01:57;yes;0;mu;ja;male;neither;no;3;0;Sun;Feyenoord;5;ECONOMETRICS;25.0;12.0;1995.0;1.0;10.0
191;4/1/2019 16:01:57;no;1;mu;nee;unknown;neither;yes;ðŸ’¯;ONWAAR;Weather;ðŸ˜Ž;Epsilon;CLSJD;4.0;12.0;;3.0;100.0
192;4/1/2019 16:01:58;yes;0;mu;ja;male;I have no idea what you are talking about;no;6;7;Sun;Round;92;BA;24.0;12.0;1993.0;0.0;220.0
193;4/1/2019 16:01:58;no;0;sigma;ja;female;fat;no;11;2;sunny day;positive mood;50;ECONOMETRICS;30.0;12.0;1992.0;5.0;10.0
194;4/1/2019 16:01:58;yes;1;mu;ja;unknown;I have no idea what you are talking about;no;9,76;23:30;Sun;Sleep;10;AI;19.0;2.0;1996.0;2.0;1.0
195;4/1/2019 16:01:58;yes;1;mu;nee;female;neither;no;4;23:00;Sun;Dinner;80;AI;23.0;9.0;1996.0;2.0;5.0
196;4/1/2019 16:01:58;no;0;mu;ja;male;I have no idea what you are talking about;no;7;5am;peace everywhere;don't know;100;BIOINFORMATICS;20.0;9.0;1987.0;1.0;25.0
197;4/1/2019 16:01:58;yes;1;mu;ja;male;slim;yes;4;23:30;Sunny weather;Sports activity;30;AI;4.0;4.0;1995.0;2.0;1.0
198;4/1/2019 16:01:59;yes;1;mu;nee;male;fat;no;9;02:30;Food;Waking up on time;20;AI;3.0;6.0;;1.0;5.0
199;4/1/2019 16:01:59;no;1;unknown;ja;male;neither;no;6;00:25;Extra hours of sleep;Empty to do list ;1;CS;15.0;6.0;1993.0;350.0;120.0
200;4/1/2019 16:02:00;yes;1;mu;ja;male;unknown;no;3;03:00;Â¯\_(ãƒ„)_/Â¯;Â¯\_(ãƒ„)_/Â¯;9001;AI;;;1969.0;8.0;100.0
201;4/1/2019 16:02:00;yes;0;mu;ja;female;I have no idea what you are talking about;no;9;23u;The sun;Soccer;20;BA;25.0;3.0;;2.0;80.0
202;4/1/2019 16:02:00;yes;0;mu;nee;female;neither;no;9;00:00;Sunny;Not working;30;MA LANGUAGE TECHNOLOGY;19.0;4.0;;6.0;80.0
203;4/1/2019 16:02:00;no;0;mu;nee;female;fat;no;4;22,3;Sunny day;Friends, having a dring and bites;30;AI;14.0;9.0;;6.0;0.04
204;4/1/2019 16:02:00;no;0;mu;nee;male;fat;no;8;1:10AM;Beer;Sunshine;70;BA;23.0;2.0;;5.0;5.0
205;4/1/2019 16:02:00;no;1;mu;nee;male;fat;no;6;2230;sunshine;No obligations;65;AI;3.0;5.0;1995.0;23.0;5.0
206;4/1/2019 16:02:00;no;0;mu;nee;male;neither;no;7;12:18;Hookers;Cocaine;0;QRM;6.0;5.0;;8.0;100.0
207;4/1/2019 16:02:00;no;1;mu;ja;male;neither;no;3,14159265359;3 am;If I accomplish all the goal i had prefixed for that day;If i don't have to postpone anything;20;CS;13.0;1.0;1905.0;0.0;50.0
208;4/1/2019 16:02:00;yes;1;mu;nee;female;slim;no;6674336895322579;12;Sun;Time with friends;40;AI;3.0;7.0;1995.0;1.0;50.0
209;4/1/2019 16:02:00;yes;0;sigma;nee;female;fat;no;5;22:30;Sunny weather;Good company;15;BIOINFORMATICS;26.0;8.0;1996.0;1.0;60.0
210;4/1/2019 16:02:01;no;0;mu;nee;female;neither;no;1;00:00;Sunny;Friends&Beer;50;MASTERS EOR;21.0;2.0;1996.0;0.0;20.0
211;4/1/2019 16:01:59;yes;unknown;mu;unknown;female;fat;no;3,33;00:00;Sunny weather;A smooth day;70;BA;28.0;12.0;1994.0;1.0;0.0
212;4/1/2019 16:02:01;no;0;mu;nee;female;slim;no;8;1,3;Nice food;No studying;10;HEALTH SCIENCES;5.0;11.0;1996.0;2.0;0.5
213;4/1/2019 16:02:02;yes;0;mu;nee;male;unknown;no;7;23;Sunny weather;Weekend;101;CS;3.0;4.0;;3.0;0.21
214;4/1/2019 16:02:02;yes;0;mu;ja;female;fat;no;7;2;sun shine;pet;0;BA;8.0;4.0;;3.0;5.0
215;4/1/2019 16:02:02;yes;0;mu;ja;male;neither;no;3,14;11:30 PM;Enough food.;The sun in the afternoon.;70,45;BA;4.0;4.0;1995.0;400.0;80.0
216;4/1/2019 16:02:03;yes;1;mu;ja;male;neither;no;Pi;Today;No class;No work;9999999999999;CS;;;;400;10.0
217;4/1/2019 16:02:02;yes;1;mu;ja;male;neither;no;1;twelve;nothing to do;o;0;MBA;8.0;8.0;1995.0;5.0;0.21
218;4/1/2019 16:02:02;yes;1;mu;ja;male;fat;no;7;03:30;Head;Food;34;AI;13.0;1.0;;7.0;0.21
219;4/1/2019 16:02:02;yes;0;mu;nee;male;neither;no;2;23;It being productive;Having time to do everything;60;MATHS, STOCHASTICS, MASTER, UVA;28.0;11.0;;1.0;0.21
220;4/1/2019 16:02:02;no;0;mu;nee;male;slim;no;7;12;Get money;Food;30;QRM;28.0;4.0;1996.0;3.0;0.0
221;4/1/2019 16:02:03;yes;0;mu;ja;male;neither;unknown;42;2200;Board games;Beer;0;UVA: INFORMATION SYSTEMS - DATA SCIENCE;;;;2.0;60.0
222;4/1/2019 16:02:03;yes;1;mu;ja;female;I have no idea what you are talking about;no;3;01:00;Good food;Nice weather;50;AI;8.0;1.0;1997.0;2.0;100.0
223;4/1/2019 16:02:04;yes;1;mu;ja;male;fat;no;3736536379120;02:33;Nobody bothers me;Sun;10;UVA MASTER INFORMATION STUDIES, TRACK DATA SCIENCE;1.0;1.0;1971.0;4.0;2.0
224;4/1/2019 16:02:04;yes;1;mu;ja;male;fat;no;12;11;Beer;Sex;20;BA;4.0;4.0;1994.0;1.0;66.0
225;4/1/2019 16:02:04;no;0;mu;nee;male;slim;no;4;0:00;money;food;50;CS;9.0;4.0;1995.0;8.0;80.0
226;4/1/2019 16:02:04;yes;0;mu;ja;male;I have no idea what you are talking about;no;9;23:30;Football;Nice food;0;BA;31.0;10.0;1995.0;1.0;99.0
227;4/1/2019 16:02:04;no;0;unknown;nee;male;fat;no;313;0,5;Good relationships that day;Having learned something usefull;50;ECONOMETRICS;17.0;7.0;;4.0;10.0
228;4/1/2019 16:02:04;yes;0;mu;ja;male;I have no idea what you are talking about;no;9;4am;The number of tasks I was able to complete.;Had a meaningful conversation ;42;INFORMATION SCIENCES ;;;;8.0;0.0
229;4/1/2019 16:02:04;no;1;mu;nee;male;fat;no;8;20:45;The sun;Working out;23;ECONOMETRICS;1.0;10.0;1991.0;0.0;0.2
230;4/1/2019 16:02:05;no;1;mu;ja;male;slim;no;6;2:00;good weather;shuqi;3;CS;4.0;4.0;1995.0;2.0;100.0
231;4/1/2019 16:02:05;yes;1;mu;ja;male;neither;yes;3;02:30;Having no exam;Flipping tables;9000+;MULTIPLE PROGRAMMES;0.0;0.0;1900.0;5.0;inf
232;4/1/2019 16:02:05;no;1;mu;ja;female;neither;no;2;2;relax;good meal;50;CS;26.0;2.0;;2.0;1.0
233;4/1/2019 16:02:06;no;0;mu;nee;male;slim;no;7;0030;Sporten ;Thuis komen;0;FINANCE;24.0;4.0;1996.0;4.0;10.0
234;4/1/2019 16:02:06;no;0;mu;nee;female;I have no idea what you are talking about;no;7;02:00;Not sitting in a room with 400 students;No 9 am lectures;30;CS;30.0;11.0;1992.0;8.0;0.22
235;4/1/2019 16:02:06;no;0;sigma;nee;male;neither;no;9;1:00;Meeting up with nice people;Good weather;5;CLS;11.0;6.0;1993.0;1.0;1.0
236;4/1/2019 16:02:06;no;0;sigma;ja;male;unknown;no;7;12;Good weather ;Nothing to worry about ;99;BIOINFORMATICS;2.0;4.0;;8.0;10.0
237;4/1/2019 16:02:06;no;unknown;mu;nee;male;I have no idea what you are talking about;no;1;23;data bitches;blow;100;QRM;1.0;1.0;1993.0;2.0;1.0
238;4/1/2019 16:02:07;yes;0;mu;nee;female;neither;no;4;23:00 uur;Nice wheater;Hobby;20;BA;19.0;10.0;1995.0;2.0;0.25
239;4/1/2019 16:02:07;yes;1;mu;ja;male;I have no idea what you are talking about;no;7;1:30;No obligations;Games;75;ECONOMETRICS;21.0;8.0;1996.0;0.0;0.5
240;4/1/2019 16:02:07;yes;0;mu;ja;male;neither;no;8;23:45;Nice weather;No deadlines;60;BA;17.0;9.0;1996.0;2.0;30.0
241;4/1/2019 16:02:07;yes;0;sigma;ja;female;I have no idea what you are talking about;no;2;4;Relaxing;Family;90;BIOINFORMATICS;4.0;4.0;1994.0;10.0;50.0
242;4/1/2019 16:02:08;yes;1;mu;ja;male;fat;no;7;01:00;Day at the beach;The sun;15;UVA AI;11.0;4.0;1995.0;3.0;2.0
243;4/1/2019 16:02:09;yes;0;mu;nee;female;fat;no;4;23:15;Sun;Nice food;25;BA;13.0;11.0;1995.0;1.0;60.0
244;4/1/2019 16:02:09;yes;0;mu;ja;male;fat;no;6;23:15;It being the weekend;Good weather;20;INFORMATION STUDIES: DATA SCIENCE (UVA);30.0;7.0;;3.0;20.0
245;4/1/2019 16:02:08;yes;0;mu;nee;male;fat;no;1;23:00;No lecture;No deadlines in the near future;43;BA;21.0;5.0;1996.0;8.0;2.0
246;4/1/2019 16:02:11;no;0;mu;nee;male;fat;no;3,14150692;23:10;Zonnige dag;F1 race;67;FINANCIAL ECONOMETRIVS;;;;1.0;10.0
247;4/1/2019 16:02:12;yes;0;mu;nee;male;neither;no;5;3:30;Sunshine;Productivity;5;AI;19.0;10.0;1995.0;5.0;1.0
248;4/1/2019 16:02:11;no;0;sigma;nee;female;neither;no;9;2 am;favourite person;good sleep;55;RM HUMANITIES: LINGUISTICS;9.0;6.0;1989.0;2.0;17.0
249;4/1/2019 16:02:12;unknown;0;sigma;ja;male;I have no idea what you are talking about;no;491995;12;Warmth;. ;90;CLS;4.0;9.0;1995.0;2.0;1.0
250;4/1/2019 16:02:13;no;1;mu;nee;male;I have no idea what you are talking about;no;5;2 am;Good weather;Good grades;5;CS;10.0;8.0;;3.0;1.0
251;4/1/2019 16:02:14;yes;1;sigma;nee;male;neither;no;1;12 pm;Day off;Pasta;0;AI;12.0;1.0;1995.0;0.0;99.0
252;4/1/2019 16:02:14;no;1;unknown;ja;female;fat;no;5;4;no class;good weather;20;CS;10.0;5.0;;3.0;100.0
253;4/1/2019 16:02:15;yes;1;mu;ja;male;fat;no;5;01:30;Sunshine;Swimming;7;CS;4.0;7.0;1994.0;7.0;4.7
254;4/1/2019 16:02:15;no;1;mu;ja;male;I have no idea what you are talking about;no;7;1am;Sun;Food;100000000000;CS;;;;5.0;10.0
255;4/1/2019 16:02:16;no;1;mu;ja;male;neither;no;7;3,2;Sunny day of relaxation;Eating delicious food ;10;CS;21.0;9.0;;6.0;20.0
256;4/1/2019 16:02:16;yes;0;mu;nee;male;slim;no;7;1:45;No lecture;Time for sports;17;CS;17.0;7.0;1996.0;2.0;77.0
257;4/1/2019 16:02:16;yes;1;mu;ja;female;fat;no;9;it was actually today, 4am;good people;wine;10^3;CS;20.0;3.0;1996.0;2.0;10.0
258;4/1/2019 16:02:18;yes;0;mu;nee;male;fat;no;3;02:00;not Monday;yes;55;AI;4.0;4.0;704.0;3.0;40.0
259;4/1/2019 16:02:20;yes;1;mu;nee;unknown;fat;no;9,99999;01:30;Time for: reading/music/training;Being with a loved one;30;CS;27.0;3.0;1992.0;35.0;101.0
260;4/1/2019 16:02:21;yes;1;mu;ja;male;neither;no;8;02:00;Sun;Food;10;BIOINFORMATICS;4.0;4.0;1994.0;6.0;1.0
261;4/1/2019 16:02:24;yes;1;mu;ja;female;I have no idea what you are talking about;no;8;Today at 3am;Beer;Petting dog (preferably more than one);100;CS;20.0;2.0;1996.0;7.0;50.0
262;4/1/2019 16:02:23;no;0;mu;nee;male;neither;no;5;22;Goud;Music;200;CLS;14.0;4.0;1996.0;8.0;1.0
263;4/1/2019 16:02:24;yes;1;mu;ja;male;neither;no;3;2am;Sun;Football game;15;CS;16.0;9.0;;3.0;3.0
264;4/1/2019 16:02:25;yes;1;mu;nee;male;fat;no;8;~1100 pm;Much sleep;Winning;10;BA;25.0;3.0;;2.0;1.0
265;4/1/2019 16:02:25;yes;1;sigma;ja;male;I have no idea what you are talking about;no;832795585298;3:00am;A nice hike;A lot of interesting work done ;15;AI;25.0;7.0;1994.0;1.0;0.0
266;4/1/2019 16:02:29;no;0;sigma;ja;male;slim;no;7;0;Football ;Mo Money ;200;CS;1.0;1.0;2030.0;77.0;10.0
267;4/1/2019 16:02:39;yes;0;mu;nee;male;fat;no;3;1 AM;Temperature;Free time;50;BA;4.0;9.0;1994.0;10.0;0.5
268;4/1/2019 16:02:40;no;0;mu;nee;male;fat;no;8,8888;23:56;Nice company;New experiences;34;CS;14.0;4.0;1993.0;9.0;0.25
269;4/1/2019 16:02:44;no;0;mu;nee;female;I have no idea what you are talking about;no;3;23:30;Having friends around;Laughing;60;CS;8.0;4.0;;5.0;0.25
270;4/1/2019 16:02:45;yes;1;mu;ja;male;fat;no;7;23:00;Good data mining grade;pizza;60;BA;9.0;4.0;1996.0;9;10.0
271;4/1/2019 16:02:55;yes;0;mu;ja;male;slim;unknown;sqrt (-1);10 o clock;Good coffee;Italian vineyards;99,9;BA;4.0;10.0;;4;0.1
272;4/1/2019 16:02:56;no;0;mu;ja;male;fat;no;10;2:00;Arsenal wins;Sports;0;CS;21.0;10.0;1995.0;80.0;100.0
273;4/1/2019 16:03:51;no;1;sigma;ja;male;fat;yes;42;02:00;eating chocolate;not being fat;80;AI;20.0;11.0;1990.0;3.0;0.21
274;4/1/2019 16:31:16;no;unknown;sigma;nee;unknown;slim;unknown;79;1:30;Chocolate ;Poepen;98;PSYCHOLOGY;14.0;7.0;1998.0;50.0;100.0
275;4/1/2019 16:53:39;yes;1;mu;ja;female;neither;no;5;00:30;Sunshine;Coffee;55;AI;25.0;11.0;1994.0;5.0;100.0
